City_ID,City,Country,Date,Lat,Lng,Max Temp,Humidity,Cloudiness,Wind Speed
0,Busselton,AU,2022-04-13 18:06:33,-33.65,115.3333,54.03,86,0,9.17
1,Itoman,JP,2022-04-13 18:06:33,26.1247,127.6694,73.42,78,11,5.75
2,Bluff,NZ,2022-04-13 18:06:34,-46.6,168.3333,45.81,82,83,12.64
3,East London,ZA,2022-04-13 18:06:34,-33.0153,27.9116,70.9,82,1,3.74
4,Atuona,PF,2022-04-13 18:06:34,-9.8,-139.0333,78.4,80,44,18.21
5,Kanlagay,PH,2022-04-13 18:06:35,5.8757,121.2915,79.39,84,82,4.92
6,Vao,NC,2022-04-13 18:06:35,-22.6667,167.4833,75.02,68,4,1.05
7,Byron Bay,AU,2022-04-13 18:06:35,-28.65,153.6167,60.94,85,87,11.23
8,Hermanus,ZA,2022-04-13 18:05:30,-34.4187,19.2345,65.8,90,99,10.42
9,Port Elizabeth,ZA,2022-04-13 18:06:36,-33.918,25.5701,64.09,94,11,8.99
10,Punta Arenas,CL,2022-04-13 18:05:25,-53.15,-70.9167,59.11,58,40,21.85
11,Mataura,NZ,2022-04-13 18:05:22,-46.1927,168.8643,45.48,98,49,2.46
12,Galle,LK,2022-04-13 18:06:36,6.0367,80.217,80.17,82,99,8.59
13,Chuy,UY,2022-04-13 18:06:37,-33.6971,-53.4616,71.8,32,36,9.98
14,Birjand,IR,2022-04-13 18:06:37,32.8663,59.2211,70.99,12,7,2.15
15,Manoel Urbano,BR,2022-04-13 18:06:37,-8.8389,-69.2597,84.15,79,97,3.47
16,Puerto Ayora,EC,2022-04-13 18:06:38,-0.7393,-90.3518,80.56,78,73,10.27
17,Rikitea,PF,2022-04-13 18:02:27,-23.1203,-134.9692,78.67,69,8,18.12
18,Provideniya,RU,2022-04-13 18:06:38,64.3833,-173.3,18.66,92,100,19.17
19,Kapaa,US,2022-04-13 18:06:38,22.0752,-159.319,78.78,89,75,8.05
20,Llanes,ES,2022-04-13 18:06:39,43.4198,-4.7549,58.44,76,38,2.21
21,Sept-Iles,CA,2022-04-13 18:05:55,50.2001,-66.3821,40.05,77,72,3.0
22,Cidreira,BR,2022-04-13 18:06:39,-30.1811,-50.2056,68.83,77,98,11.39
23,Fenoarivo Atsinanana,MG,2022-04-13 18:06:40,-17.3667,49.4167,74.89,90,11,5.95
24,Suraabad,AZ,2022-04-13 18:06:40,40.8192,49.4687,49.69,65,2,12.24
25,Ushuaia,AR,2022-04-13 18:01:41,-54.8,-68.3,45.0,85,84,6.35
26,Hobart,AU,2022-04-13 18:06:40,-42.8794,147.3294,51.66,86,7,8.05
27,Vaini,TO,2022-04-13 18:05:28,-21.2,-175.2,75.36,94,40,4.61
28,Silver City,US,2022-04-13 18:06:41,32.7701,-108.2803,55.63,6,0,20.71
29,Shelby,US,2022-04-13 18:06:41,35.2001,-89.8668,80.44,66,0,17.27
30,Geraldton,AU,2022-04-13 18:06:42,-28.7667,114.6,59.41,88,0,5.75
31,Savannakhet,LA,2022-04-13 18:06:42,16.566,104.751,82.76,54,62,5.79
32,Port Alfred,ZA,2022-04-13 18:06:42,-33.5906,26.891,66.18,94,2,1.01
33,Severo-Kurilsk,RU,2022-04-13 18:05:29,50.6789,156.125,29.35,94,99,20.22
34,Deputatskiy,RU,2022-04-13 18:06:43,69.3,139.9,-4.25,100,100,2.24
35,Airai,TL,2022-04-13 18:06:43,-8.9266,125.4092,59.85,93,99,2.24
36,Torbay,CA,2022-04-13 18:05:32,47.6666,-52.7314,37.27,91,99,7.0
37,Kodiak,US,2022-04-13 18:06:44,57.79,-152.4072,42.31,52,0,17.27
38,Avarua,CK,2022-04-13 18:05:27,-21.2078,-159.775,73.45,100,20,1.14
39,Kutoarjo,ID,2022-04-13 18:06:44,-7.7169,109.9128,75.74,89,24,3.22
40,Jamestown,US,2022-04-13 18:06:44,42.097,-79.2353,64.53,54,40,8.05
41,Beringovskiy,RU,2022-04-13 18:06:45,63.05,179.3167,23.72,96,100,11.5
42,Bay Roberts,CA,2022-04-13 18:06:45,47.5999,-53.2648,38.05,86,100,7.0
43,Abeokuta,NG,2022-04-13 18:06:45,7.15,3.35,85.3,61,92,9.98
44,Ust-Nera,RU,2022-04-13 18:06:46,64.5667,143.2,-6.86,99,62,1.5
45,San Patricio,US,2022-04-13 18:06:46,28.017,-97.5169,91.49,61,100,7.09
46,Alveringem,BE,2022-04-13 18:06:46,50.9793,2.6775,63.1,80,75,5.75
47,Parabel,RU,2022-04-13 18:06:47,58.6978,81.4825,32.77,99,94,7.45
48,Tazovskiy,RU,2022-04-13 18:07:47,67.4667,78.7,31.28,95,100,11.25
49,Dhamtari,IN,2022-04-13 18:07:47,20.7072,81.5497,86.36,34,94,6.71
50,Yellowknife,CA,2022-04-13 18:06:32,62.456,-114.3525,9.28,59,75,3.0
51,Nanga Eboko,CM,2022-04-13 18:07:48,4.6833,12.3667,69.82,97,95,4.83
52,Ola,RU,2022-04-13 18:07:48,59.5833,151.2833,15.85,70,100,10.0
53,Padang,ID,2022-04-13 18:07:49,-0.9492,100.3543,78.91,86,100,2.55
54,Thinadhoo,MV,2022-04-13 18:07:49,0.5333,72.9333,84.34,66,97,11.97
55,Pevek,RU,2022-04-13 18:07:49,69.7008,170.3133,-5.17,95,88,0.69
56,Lerwick,GB,2022-04-13 18:07:50,60.1545,-1.1494,42.8,80,98,17.56
57,Nanortalik,GL,2022-04-13 18:07:50,60.1432,-45.2371,38.91,72,96,5.03
58,Coquimbo,CL,2022-04-13 18:07:50,-29.9533,-71.3436,63.7,70,1,4.05
59,Nikolskoye,RU,2022-04-13 18:07:51,59.7035,30.7861,38.8,92,20,3.74
60,Kavaratti,IN,2022-04-13 18:06:38,10.5669,72.642,84.6,68,100,3.13
61,Asfi,MA,2022-04-13 18:07:51,32.2994,-9.2372,63.39,68,20,25.23
62,Blairmore,CA,2022-04-13 18:07:51,49.6,-114.4353,15.93,75,100,6.55
63,Tubuala,PA,2022-04-13 18:07:52,9.5167,-79.0333,81.46,81,82,9.28
64,Adrar,MR,2022-04-13 18:07:52,20.5022,-10.0711,90.75,9,3,10.13
65,Floro,NO,2022-04-13 18:07:52,61.5996,5.0328,46.36,66,75,8.05
66,Sedhiou,SN,2022-04-13 18:07:53,12.7081,-15.5569,102.15,13,43,9.19
67,Vila Franca Do Campo,PT,2022-04-13 18:07:53,37.7167,-25.4333,63.01,90,66,21.45
68,Waipawa,NZ,2022-04-13 18:07:53,-41.4122,175.5153,49.01,72,100,10.42
69,Kalmunai,LK,2022-04-13 18:07:54,7.4167,81.8167,79.59,83,64,12.01
70,Cayenne,GF,2022-04-13 18:06:30,4.9333,-52.3333,84.24,1,75,16.11
71,New Norfolk,AU,2022-04-13 18:07:54,-42.7826,147.0587,51.3,74,21,3.22
72,Luderitz,NA,2022-04-13 18:07:55,-26.6481,15.1594,63.52,80,30,10.85
73,Zhigansk,RU,2022-04-13 18:07:55,66.7697,123.3711,16.29,94,100,18.5
74,Khatanga,RU,2022-04-13 18:06:34,71.9667,102.5,13.01,95,100,8.81
75,Anadyr,RU,2022-04-13 18:07:56,64.75,177.4833,17.29,92,100,14.63
76,Hamilton,US,2022-04-13 18:07:56,39.1834,-84.5333,71.04,68,75,10.36
77,Vallenar,CL,2022-04-13 18:07:56,-28.5708,-70.7581,80.02,26,0,9.06
78,Beausejour,CA,2022-04-13 18:07:57,50.0622,-96.5167,31.86,100,100,20.45
79,Dzerzhinsk,RU,2022-04-13 18:07:57,56.2389,43.4631,55.22,62,0,8.95
80,Norman Wells,CA,2022-04-13 18:07:57,65.282,-126.8329,18.95,70,51,3.76
81,Kemijarvi,FI,2022-04-13 18:07:58,66.7131,27.4306,33.48,86,100,4.59
82,Leningradskiy,RU,2022-04-13 18:07:20,69.3833,178.4167,-6.45,97,87,11.14
83,Flin Flon,CA,2022-04-13 18:07:58,54.7682,-101.865,25.56,77,100,13.38
84,Albany,US,2022-04-13 18:05:41,42.6001,-73.9662,73.92,37,75,8.84
85,Tallahassee,US,2022-04-13 18:05:09,30.4383,-84.2807,82.85,55,75,13.8
86,Cherskiy,RU,2022-04-13 18:07:59,68.75,161.3,-2.63,95,65,6.38
87,Georgetown,MY,2022-04-13 18:06:38,5.4112,100.3354,78.73,89,20,0.0
88,Hilo,US,2022-04-13 18:07:59,19.7297,-155.09,75.27,85,100,1.99
89,Westport,US,2022-04-13 18:08:00,41.1415,-73.3579,74.62,50,80,4.0
90,Sao Filipe,CV,2022-04-13 18:08:00,14.8961,-24.4956,71.04,76,30,14.45
91,Marienburg,PL,2022-04-13 18:08:00,54.0359,19.0266,53.89,59,89,8.41
92,Svetlyy,RU,2022-04-13 18:09:01,54.675,20.1347,44.65,64,98,7.16
93,Upernavik,GL,2022-04-13 18:09:01,72.7868,-56.1549,4.53,86,100,10.09
94,Saldanha,ZA,2022-04-13 18:09:01,-33.0117,17.9442,63.37,91,100,17.98
95,Bandar,ID,2022-04-13 18:08:27,2.05,99.75,74.48,97,100,2.21
96,Kruisfontein,ZA,2022-04-13 18:09:02,-34.0033,24.7314,61.88,81,9,8.86
97,Merauke,ID,2022-04-13 18:09:02,-8.4667,140.3333,79.23,88,100,6.55
98,Saskylakh,RU,2022-04-13 18:05:21,71.9167,114.0833,-2.27,99,99,5.68
99,Fairview,US,2022-04-13 18:09:03,40.8126,-73.999,77.77,61,0,14.97
100,Korla,CN,2022-04-13 18:09:03,41.7597,86.1469,59.25,34,86,7.7
101,Sergeyevka,KZ,2022-04-13 18:09:04,53.88,67.4158,50.4,51,34,10.94
102,Cabo San Lucas,MX,2022-04-13 18:04:19,22.8909,-109.9124,86.61,57,0,11.5
103,Faanui,PF,2022-04-13 18:05:47,-16.4833,-151.75,81.63,73,17,14.27
104,Praia Da Vitoria,PT,2022-04-13 18:09:04,38.7333,-27.0667,62.76,92,80,22.44
105,Tuatapere,NZ,2022-04-13 18:06:21,-46.1333,167.6833,43.72,88,78,4.07
106,Lompoc,US,2022-04-13 18:09:05,34.6391,-120.4579,70.02,30,0,17.27
107,Kurilsk,RU,2022-04-13 18:09:05,45.2333,147.8833,29.97,85,100,12.15
108,Ostrovnoy,RU,2022-04-13 18:09:05,68.0531,39.5131,18.72,92,100,4.68
109,Priupskiy,RU,2022-04-13 18:09:06,53.9096,37.736,42.04,87,100,16.42
110,Makakilo City,US,2022-04-13 18:09:06,21.3469,-158.0858,75.61,68,0,11.5
111,Bambanglipuro,ID,2022-04-13 18:07:33,-7.95,110.2833,76.86,84,21,2.53
112,Katsuura,JP,2022-04-13 18:09:07,35.1333,140.3,59.16,95,68,17.76
113,Ternate,ID,2022-04-13 18:09:07,0.8,127.4,80.83,79,98,0.76
114,Palestina,PS,2022-04-13 18:09:08,31.9216,35.2033,53.35,76,88,5.35
115,Hovd,MN,2022-04-13 18:09:08,48.0056,91.6419,23.92,47,100,5.82
116,Bakchar,RU,2022-04-13 18:09:09,57.0186,82.0711,33.78,93,69,2.68
117,Kondoa,TZ,2022-04-13 18:09:09,-4.9,35.7833,63.61,85,32,3.89
118,Souillac,MU,2022-04-13 18:09:09,-20.5167,57.5167,77.13,85,77,20.24
119,Wenceslau Braz,BR,2022-04-13 18:09:10,-23.8739,-49.8028,70.38,82,100,6.55
120,Touros,BR,2022-04-13 18:09:10,-5.1989,-35.4608,84.97,63,8,10.6
121,Phan Thiet,VN,2022-04-13 18:08:54,10.9333,108.1,79.03,87,100,5.53
122,Cockburn Town,TC,2022-04-13 18:09:11,21.4612,-71.1419,76.69,80,13,23.69
123,At-Bashi,KG,2022-04-13 18:09:11,41.1702,75.8106,50.32,52,100,2.91
124,Asau,RO,2022-04-13 18:09:11,46.4333,26.4,52.72,61,53,6.06
125,Elk City,US,2022-04-13 18:05:35,35.412,-99.4043,55.62,28,0,17.27
126,Merke,KZ,2022-04-13 18:09:12,42.8728,73.1786,57.69,79,52,5.79
127,Chapais,CA,2022-04-13 18:09:12,49.7834,-74.8492,41.31,58,74,4.7
128,Krasnoselkup,RU,2022-04-13 18:09:13,65.7,82.4667,33.51,99,100,13.47
129,Karapyshi,UA,2022-04-13 18:09:13,49.6424,30.79,41.27,90,100,16.84
130,Mnogovershinnyy,RU,2022-04-13 18:09:13,53.9353,139.9242,8.17,97,94,3.29
131,Corrente,BR,2022-04-13 18:07:08,-3.7367,-43.3394,84.67,69,100,4.38
132,Abha,SA,2022-04-13 18:09:14,18.2164,42.5053,68.25,28,0,4.61
133,Aklavik,CA,2022-04-13 18:09:14,68.2191,-135.0107,9.46,76,100,16.11
134,Mumford,GH,2022-04-13 18:09:14,5.2618,-0.759,81.16,80,92,16.69
135,Bobcaygeon,CA,2022-04-13 18:10:15,44.5462,-78.542,65.88,74,97,4.43
136,Barrow,US,2022-04-13 18:06:08,71.2906,-156.7887,-5.78,77,0,6.91
137,Hualmay,PE,2022-04-13 18:10:15,-11.0964,-77.6139,71.91,70,32,11.77
138,Ambon,ID,2022-04-13 18:10:16,-3.6954,128.1814,80.56,77,97,3.44
139,Bandarbeyla,SO,2022-04-13 18:10:16,9.4942,50.8122,81.75,77,0,8.55
140,Srednekolymsk,RU,2022-04-13 18:10:16,67.45,153.6833,-22.22,100,94,3.96
141,Carnarvon,AU,2022-04-13 18:10:17,-24.8667,113.6333,75.24,48,0,20.51
142,Vanavara,RU,2022-04-13 18:10:17,60.34,102.2797,31.98,90,100,15.12
143,Chunskiy,RU,2022-04-13 18:10:18,56.0815,99.6342,24.75,96,71,1.92
144,Lopukhiv,UA,2022-04-13 18:10:18,48.3653,23.9638,33.89,89,13,4.85
145,Yangambi,CD,2022-04-13 18:10:18,0.8102,24.4336,75.31,83,88,1.39
146,Chokurdakh,RU,2022-04-13 18:06:09,70.6333,147.9167,-19.55,100,78,3.78
147,Haines Junction,CA,2022-04-13 18:10:19,60.7522,-137.5108,19.78,68,11,1.54
148,Benton Harbor,US,2022-04-13 18:10:19,42.1167,-86.4542,66.33,94,100,10.36
149,Lasa,IT,2022-04-13 18:10:20,46.6166,10.7002,56.7,90,99,2.46
150,Maniitsoq,GL,2022-04-13 18:10:20,65.4167,-52.9,27.01,78,22,17.05
151,Polyarnyy,RU,2022-04-13 18:10:20,69.1989,33.4478,24.01,83,89,3.8
152,Castro,BR,2022-04-13 18:05:48,-24.7911,-50.0119,69.15,88,100,5.12
153,Zavoi,RO,2022-04-13 18:10:21,45.5167,22.4167,43.95,62,2,5.03
154,Basco,PH,2022-04-13 18:10:21,20.4487,121.9702,77.95,78,80,4.54
155,Alice Springs,AU,2022-04-13 18:07:34,-23.7,133.8833,69.22,32,0,8.05
156,Yumen,CN,2022-04-13 18:10:22,40.2833,97.2,46.08,11,95,9.91
157,Port Pirie,AU,2022-04-13 18:10:22,-33.1833,138.0167,62.69,36,82,5.91
158,Lethbridge,CA,2022-04-13 18:10:22,49.7,-112.8186,18.64,58,100,12.82
159,Buin,CL,2022-04-13 18:10:23,-33.7333,-70.75,80.64,11,0,5.14
160,Bambous Virieux,MU,2022-04-13 18:10:23,-20.3428,57.7575,79.21,83,56,21.56
161,Ghanzi,BW,2022-04-13 18:10:23,-21.5667,21.7833,76.77,34,84,2.33
162,Qena,EG,2022-04-13 18:10:24,26.1615,32.7183,79.16,13,40,13.49
163,Butaritari,KI,2022-04-13 18:10:24,3.0707,172.7902,81.32,77,27,16.73
164,Abu Samrah,SY,2022-04-13 18:10:24,35.3029,37.1841,56.46,40,3,2.93
165,Lagos,NG,2022-04-13 18:07:24,6.5833,3.75,79.99,81,93,6.44
166,Arlit,NE,2022-04-13 18:10:25,18.7369,7.3853,95.25,7,100,6.15
167,Mildura,AU,2022-04-13 18:10:25,-34.2,142.15,51.76,66,0,6.91
168,Lyambir,RU,2022-04-13 18:10:26,54.2817,45.1249,48.06,87,66,7.7
169,La Ronge,CA,2022-04-13 18:10:26,55.1001,-105.2842,16.02,67,100,12.66
170,Sobolevo,RU,2022-04-13 18:10:26,54.4299,31.8996,37.53,85,77,8.66
171,Grimshaw,CA,2022-04-13 18:10:27,56.1834,-117.6027,17.08,51,94,6.13
172,Codrington,AU,2022-04-13 18:10:27,-38.2667,141.9667,53.08,88,48,6.93
173,Qaanaaq,GL,2022-04-13 18:10:27,77.484,-69.3632,2.12,92,100,6.96
174,Izumo,JP,2022-04-13 18:09:15,35.3667,132.7667,55.71,92,100,11.03
175,Narsaq,GL,2022-04-13 18:10:28,60.9167,-46.05,52.02,52,100,11.59
176,Ossora,RU,2022-04-13 18:07:49,59.2353,163.0719,20.07,95,100,6.85
177,Saint-Philippe,RE,2022-04-13 18:10:28,-21.3585,55.7679,74.79,88,91,17.34
178,Ponta Do Sol,PT,2022-04-13 18:10:28,32.6667,-17.1,67.71,80,90,0.74
179,Maragogi,BR,2022-04-13 18:10:29,-9.0122,-35.2225,83.05,71,82,9.46
180,Plouzane,FR,2022-04-13 18:10:29,48.3833,-4.6167,61.12,72,20,8.05
181,Hambantota,LK,2022-04-13 18:10:29,6.1241,81.1185,80.31,82,57,12.41
182,Necochea,AR,2022-04-13 18:10:30,-38.5473,-58.7368,63.81,50,1,16.84
183,Tuktoyaktuk,CA,2022-04-13 18:10:19,69.4541,-133.0374,-2.88,89,69,11.83
184,Okha,RU,2022-04-13 18:11:30,53.5739,142.9478,13.23,95,60,8.46
185,Muros,ES,2022-04-13 18:11:31,42.7762,-9.0603,62.69,74,10,11.81
186,Dikson,RU,2022-04-13 18:06:42,73.5069,80.5464,27.32,96,100,12.97
187,Iqaluit,CA,2022-04-13 18:11:31,63.7506,-68.5145,2.7,71,6,20.0
188,Mamallapuram,IN,2022-04-13 18:11:32,12.6264,80.1722,86.05,76,54,7.25
189,Bredasdorp,ZA,2022-04-13 18:10:16,-34.5322,20.0403,64.4,88,100,8.28
190,Lavrentiya,RU,2022-04-13 18:11:32,65.5833,-171.0,15.06,91,74,10.13
191,Dongning,CN,2022-04-13 18:11:33,44.0622,131.1207,37.27,58,5,1.23
192,Arraial Do Cabo,BR,2022-04-13 18:11:33,-22.9661,-42.0278,84.06,74,0,12.66
193,Constitucion,CL,2022-04-13 18:11:33,-35.3333,-72.4167,64.58,46,2,13.38
194,Qasigiannguit,GL,2022-04-13 18:11:34,68.8193,-51.1922,21.45,90,100,6.38
195,Sao Joao Da Barra,BR,2022-04-13 18:11:34,-21.6403,-41.0511,87.89,75,19,10.98
196,Hithadhoo,MV,2022-04-13 18:10:16,-0.6,73.0833,83.93,72,55,12.41
197,Kaitangata,NZ,2022-04-13 18:10:49,-46.2817,169.8464,42.19,93,47,5.91
198,Talnakh,RU,2022-04-13 18:11:35,69.4865,88.3972,29.21,95,100,10.56
199,Phrae,TH,2022-04-13 18:11:35,18.0833,100.0,83.05,43,0,1.99
200,Yerbogachen,RU,2022-04-13 18:11:35,61.2767,108.0108,30.02,95,100,16.69
201,Chifeng,CN,2022-04-13 18:11:36,42.2683,118.9636,43.68,43,2,6.58
202,Lebu,CL,2022-04-13 18:11:36,-37.6167,-73.65,57.02,68,2,20.4
203,Cape Town,ZA,2022-04-13 18:10:09,-33.9258,18.4232,68.11,87,100,14.0
204,Portland,US,2022-04-13 18:06:42,45.5234,-122.6762,43.75,89,100,9.22
205,Roma,US,2022-04-13 18:10:04,43.2128,-75.4557,72.82,45,75,12.66
206,Caohai,CN,2022-04-13 18:11:37,26.8661,104.2841,52.66,97,40,3.42
207,Weiden,DE,2022-04-13 18:11:37,49.6775,12.1567,61.02,51,0,3.44
208,Kutum,SD,2022-04-13 18:11:38,14.2,24.6667,80.06,11,2,8.72
209,Labuhan,ID,2022-04-13 18:11:38,-6.8844,112.2051,78.62,82,32,4.72
210,Kirakira,SB,2022-04-13 18:11:38,-10.4544,161.9205,78.57,83,76,6.15
211,Belmonte,BR,2022-04-13 18:11:39,-15.8631,-38.8828,83.14,68,56,8.61
212,Grand Haven,US,2022-04-13 18:11:39,43.0631,-86.2284,65.43,95,100,14.97
213,Balabac,PH,2022-04-13 18:11:40,7.9868,117.0645,79.09,79,73,9.19
214,Roebourne,AU,2022-04-13 18:11:40,-20.7833,117.1333,80.1,48,49,6.89
215,Puerto Escondido,MX,2022-04-13 18:10:38,15.85,-97.0667,85.03,74,0,8.05
216,Saint-Francois,FR,2022-04-13 18:11:40,46.4154,3.9054,62.04,67,0,5.75
217,Keskin,TR,2022-04-13 18:11:41,39.6731,33.6136,37.2,51,73,4.0
218,Tasiilaq,GL,2022-04-13 18:11:41,65.6145,-37.6368,32.16,68,100,5.68
219,Antigonish,CA,2022-04-13 18:07:56,45.6169,-61.9986,44.15,86,100,10.83
220,Barabinsk,RU,2022-04-13 18:11:42,55.3571,78.357,38.62,89,15,10.25
221,Berlevag,NO,2022-04-13 18:11:34,70.8578,29.0864,26.55,68,0,5.75
222,Maracas,BR,2022-04-13 18:11:42,-13.4411,-40.4308,81.09,47,71,4.25
223,Upington,ZA,2022-04-13 18:11:42,-28.4478,21.2561,66.58,52,0,5.75
224,Ancud,CL,2022-04-13 18:11:43,-41.8697,-73.8203,63.23,69,35,5.41
225,Namatanai,PG,2022-04-13 18:11:43,-3.6667,152.4333,79.16,80,44,6.6
226,Oussouye,SN,2022-04-13 18:11:44,12.485,-16.5469,79.45,49,52,13.44
227,Motygino,RU,2022-04-13 18:11:44,58.1831,94.7592,23.9,95,86,3.29
228,Mahebourg,MU,2022-04-13 18:12:45,-20.4081,57.7,79.25,88,75,18.41
229,Husavik,IS,2022-04-13 18:12:45,66.0449,-17.3389,39.0,84,41,8.88
230,El Rosario,MX,2022-04-13 18:12:45,24.2556,-107.1828,90.79,22,97,8.28
231,Port Blair,IN,2022-04-13 18:11:58,11.6667,92.75,81.95,72,14,5.23
232,Fortuna,US,2022-04-13 18:12:46,40.5982,-124.1573,50.92,78,75,11.5
233,Los Llanos De Aridane,ES,2022-04-13 18:12:46,28.6585,-17.9182,62.35,91,40,18.41
234,Victoria,HK,2022-04-13 18:09:07,22.2855,114.1577,78.33,85,69,4.0
235,Mount Isa,AU,2022-04-13 18:12:47,-20.7333,139.5,76.77,36,5,5.75
236,Wattegama,LK,2022-04-13 18:12:47,6.7989,81.4808,75.34,90,94,3.56
237,Hami,CN,2022-04-13 18:12:47,42.8,93.45,54.1,11,77,8.32
238,Okahandja,NA,2022-04-13 18:12:48,-21.9833,16.9167,72.84,39,81,9.01
239,Broome,US,2022-04-13 18:12:48,42.2506,-75.833,76.19,54,40,16.11
240,Buala,SB,2022-04-13 18:12:49,-8.145,159.5921,79.27,79,26,6.76
241,Mar Del Plata,AR,2022-04-13 18:10:53,-38.0023,-57.5575,68.02,71,0,17.0
242,Sabya,SA,2022-04-13 18:12:49,17.1495,42.6254,87.42,43,0,1.61
243,Tura,IN,2022-04-13 18:12:49,25.5198,90.2201,73.81,90,65,7.49
244,Nurota,UZ,2022-04-13 18:12:50,40.5614,65.6886,66.9,47,5,8.61
245,Yarmouth,US,2022-04-13 18:10:55,41.7057,-70.2286,67.64,54,0,11.5
246,Harper,LR,2022-04-13 18:12:50,4.375,-7.7169,81.23,84,93,11.48
247,Esperance,AU,2022-04-13 18:11:32,-33.8667,121.9,62.44,85,80,15.73
248,George Town,MY,2022-04-13 18:11:32,5.4112,100.3354,78.73,89,20,0.0
249,Klaksvik,FO,2022-04-13 18:12:52,62.2266,-6.589,45.52,88,99,14.43
250,Boa Vista,BR,2022-04-13 18:08:11,2.8197,-60.6733,93.18,43,40,11.5
251,Powell River,CA,2022-04-13 18:12:52,49.8496,-124.5361,47.34,81,75,6.91
252,Camacha,PT,2022-04-13 18:12:14,33.0833,-16.3333,62.02,68,40,11.5
253,Baykit,RU,2022-04-13 18:12:53,61.67,96.37,35.28,88,100,11.81
254,Pisco,PE,2022-04-13 18:12:53,-13.7,-76.2167,70.02,73,0,8.05
255,Port Lincoln,AU,2022-04-13 18:11:06,-34.7333,135.8667,68.7,69,100,3.22
256,Havre-Saint-Pierre,CA,2022-04-13 18:12:53,50.2334,-63.5986,39.56,81,75,6.91
257,Praya,CV,2022-04-13 18:12:48,14.9215,-23.5087,71.76,74,11,17.58
258,Udachnyy,RU,2022-04-13 18:12:54,66.4167,112.4,23.45,92,99,7.52
259,Sinnamary,GF,2022-04-13 18:12:54,5.3833,-52.95,80.11,81,35,12.71
260,Vestmannaeyjar,IS,2022-04-13 18:12:55,63.4427,-20.2734,43.79,87,100,35.68
261,Ahipara,NZ,2022-04-13 18:10:35,-35.1667,173.1667,61.41,72,78,12.8
262,Ribeira Grande,PT,2022-04-13 18:12:55,38.5167,-28.7,64.8,72,20,20.71
263,Mehamn,NO,2022-04-13 18:12:56,71.0357,27.8492,26.51,83,94,6.02
264,Grand Gaube,MU,2022-04-13 18:12:56,-20.0064,57.6608,79.38,82,22,10.0
265,Santa Marta,CO,2022-04-13 18:10:31,11.2408,-74.199,86.29,65,48,14.2
266,Nador,MA,2022-04-13 18:12:56,35.174,-2.9287,64.47,67,0,14.97
267,Isiolo,KE,2022-04-13 18:12:57,0.3546,37.5822,71.04,71,61,11.5
268,Marawi,PH,2022-04-13 18:12:57,7.9986,124.2928,67.55,90,98,3.13
269,Hounde,BF,2022-04-13 18:12:57,11.5,-3.5167,100.49,16,99,0.96
270,Vostok,RU,2022-04-13 18:12:58,46.4856,135.8833,20.77,95,26,4.5
271,Loon,PH,2022-04-13 18:13:58,9.7998,123.7929,79.74,77,100,1.77
272,Harnosand,SE,2022-04-13 18:13:58,62.6323,17.9379,41.02,89,100,5.88
273,Gat,IL,2022-04-13 18:13:59,31.61,34.7642,61.48,100,70,9.31
274,Komsomolskiy,UZ,2022-04-13 18:13:59,40.4272,71.7189,68.72,52,16,6.91
275,Amapa,BR,2022-04-13 18:14:00,1.0,-52.0,79.43,95,100,4.85
276,Miri,MY,2022-04-13 18:14:00,4.4148,114.0089,75.34,100,40,2.3
277,Usinsk,RU,2022-04-13 18:14:00,65.9939,57.5281,33.4,99,100,10.6
278,Comodoro Rivadavia,AR,2022-04-13 18:14:01,-45.8667,-67.5,69.66,37,0,14.97
279,Chokwe,MZ,2022-04-13 18:14:01,-24.5333,32.9833,83.57,52,81,10.02
280,Vardo,NO,2022-04-13 18:14:01,70.3705,31.1107,24.78,74,0,4.61
281,Doha,QA,2022-04-13 18:14:02,25.2867,51.5333,89.91,54,0,11.5
282,Tashtyp,RU,2022-04-13 18:14:02,52.7939,89.8983,25.68,77,2,4.29
283,Mapiripan,CO,2022-04-13 18:14:02,2.8892,-72.1256,91.02,50,88,9.04
284,Nioro,GM,2022-04-13 18:14:03,13.35,-15.75,96.57,20,61,14.2
285,Te Anau,NZ,2022-04-13 18:14:03,-45.4167,167.7167,41.11,90,49,1.1
286,Kloulklubed,PW,2022-04-13 18:14:04,7.0419,134.2556,77.5,78,100,17.25
287,Trairi,BR,2022-04-13 18:14:04,-3.2778,-39.2689,83.43,71,72,7.99
288,Nanakuli,US,2022-04-13 18:12:47,21.3906,-158.1547,78.75,64,0,4.61
289,Thompson,CA,2022-04-13 18:14:05,55.7435,-97.8558,26.76,54,40,18.41
290,Misratah,LY,2022-04-13 18:14:05,32.3754,15.0925,64.81,64,100,24.49
291,Toamasina,MG,2022-04-13 18:14:05,-18.1667,49.3833,75.4,89,9,5.21
292,Pasni,PK,2022-04-13 18:14:06,25.2631,63.471,80.22,74,0,7.74
293,Aketi,CD,2022-04-13 18:14:06,2.7388,23.7833,73.49,96,99,2.42
294,Guerrero Negro,MX,2022-04-13 18:12:38,27.9769,-114.0611,68.54,38,19,8.23
295,Salgado De Sao Felix,BR,2022-04-13 18:14:06,-7.3569,-35.4406,89.67,47,97,9.22
296,Darnah,LY,2022-04-13 18:14:07,32.767,22.6367,60.24,69,22,15.41
297,Qazvin,IR,2022-04-13 18:14:07,36.2797,50.0049,66.18,10,0,4.21
298,Ryotsu,JP,2022-04-13 18:14:08,38.0833,138.4333,48.29,78,99,16.17
299,Bongaree,AU,2022-04-13 18:14:08,-27.0797,153.1586,62.62,85,100,13.31
300,Springfield,US,2022-04-13 18:13:26,37.2153,-93.2982,48.18,93,100,23.02
301,Saint George,US,2022-04-13 18:13:11,37.1041,-113.5841,55.8,15,0,4.61
302,Praia,CV,2022-04-13 18:14:09,14.9215,-23.5087,71.76,74,11,17.58
303,Khandyga,RU,2022-04-13 18:14:09,62.6667,135.6,6.67,97,93,4.21
304,Hofn,IS,2022-04-13 18:14:10,64.2539,-15.2082,41.02,81,100,12.66
305,Angleton,US,2022-04-13 18:09:52,29.1694,-95.4319,82.53,80,100,21.85
306,Kumbo,CM,2022-04-13 18:14:10,6.2,10.6667,63.55,87,87,3.62
307,Bluefields,NI,2022-04-13 18:14:10,12.0137,-83.7635,84.31,65,100,10.87
308,Itarema,BR,2022-04-13 18:11:25,-2.9248,-39.9167,83.43,72,94,8.68
309,Tripoli,LY,2022-04-13 18:14:11,32.8752,13.1875,67.68,58,98,29.33
310,Mayma,RU,2022-04-13 18:14:11,52.0197,85.9114,33.35,78,39,3.02
311,Jacareacanga,BR,2022-04-13 18:14:12,-6.2222,-57.7528,82.92,82,87,2.95
312,Sola,VU,2022-04-13 18:12:45,-13.8833,167.55,81.82,75,25,12.55
313,Kilindoni,TZ,2022-04-13 18:14:12,-7.9139,39.6668,81.61,78,86,9.55
314,Fort William,GB,2022-04-13 18:14:13,56.8165,-5.1121,52.3,91,91,4.07
315,Dudinka,RU,2022-04-13 18:14:13,69.4058,86.1778,29.62,93,100,9.8
316,Mozarlandia,BR,2022-04-13 18:14:14,-14.7447,-50.5706,91.85,43,19,1.5
317,Dera Ghazi Khan,PK,2022-04-13 18:14:14,30.0561,70.6348,86.97,18,16,8.08
318,Kahului,US,2022-04-13 18:15:14,20.8947,-156.47,77.85,69,20,10.0
319,Mahon,ES,2022-04-13 18:15:15,39.8885,4.2658,57.76,88,75,18.41
320,Bilibino,RU,2022-04-13 18:15:15,68.0546,166.4372,9.43,85,99,4.03
321,Montrose,US,2022-04-13 18:15:15,38.4166,-108.2673,29.61,26,24,16.35
322,Saint-Joseph,RE,2022-04-13 18:15:16,-21.3667,55.6167,73.78,86,87,16.51
323,San Cristobal,VE,2022-04-13 18:15:16,7.7669,-72.225,84.38,41,97,7.63
324,Holesov,CZ,2022-04-13 18:15:16,49.3333,17.5783,56.34,70,7,4.14
325,Manavalakurichi,IN,2022-04-13 18:15:17,8.1333,77.3,79.0,86,100,6.04
326,Avera,US,2022-04-13 18:15:17,33.194,-82.5271,78.85,49,100,12.86
327,Makueni,KE,2022-04-13 18:15:18,-1.8041,37.6203,68.45,76,29,5.7
328,Vaitape,PF,2022-04-13 18:15:18,-16.5167,-151.75,81.66,73,15,14.41
329,Antalaha,MG,2022-04-13 18:15:18,-14.9003,50.2788,74.82,89,44,7.52
330,Grindavik,IS,2022-04-13 18:14:50,63.8424,-22.4338,48.15,81,100,20.71
331,Ilulissat,GL,2022-04-13 18:10:45,69.2167,-51.1,21.22,86,75,5.75
332,Road Town,VG,2022-04-13 18:12:03,18.4167,-64.6167,84.24,58,20,14.97
333,Sao Jose Da Coroa Grande,BR,2022-04-13 18:15:19,-8.8978,-35.1478,83.16,70,78,8.55
334,Port Hardy,CA,2022-04-13 18:11:17,50.6996,-127.4199,40.41,48,41,9.13
335,Jiuquan,CN,2022-04-13 18:15:20,39.7432,98.5174,44.73,18,100,2.13
336,Bathsheba,BB,2022-04-13 18:15:20,13.2167,-59.5167,84.81,58,20,23.02
337,Lydenburg,ZA,2022-04-13 18:15:20,-25.0978,30.4597,61.39,63,70,3.49
338,Pavlohrad,UA,2022-04-13 18:15:21,48.5167,35.8667,51.44,90,100,14.63
339,Gobabis,NA,2022-04-13 18:15:21,-22.45,18.9667,74.43,20,84,9.13
340,Margate,GB,2022-04-13 18:15:22,51.3813,1.3862,59.11,68,71,3.0
341,Alikalia,SL,2022-04-13 18:15:22,9.1667,-11.4,87.12,52,28,5.79
342,Qui Nhon,VN,2022-04-13 18:15:22,13.7667,109.2333,77.31,90,75,3.91
343,Brae,GB,2022-04-13 18:15:23,60.3964,-1.353,44.46,75,100,15.37
344,Semey,KZ,2022-04-13 18:15:23,50.4111,80.2275,45.81,61,0,10.65
345,Sao Lourenco Do Sul,BR,2022-04-13 18:15:23,-31.3653,-51.9783,70.12,57,92,9.64
346,Kashi,CN,2022-04-13 18:15:24,39.4547,75.9797,69.01,22,100,8.95
347,Kavieng,PG,2022-04-13 18:15:24,-2.5744,150.7967,81.39,77,78,8.43
348,Prince George,CA,2022-04-13 18:15:08,53.9166,-122.753,29.25,35,0,10.36
349,Hasaki,JP,2022-04-13 18:15:25,35.7333,140.8333,55.8,91,74,21.81
350,Tikaitnagar,IN,2022-04-13 18:15:25,26.95,81.5833,89.87,13,3,7.47
351,Looc,PH,2022-04-13 18:15:26,12.2605,121.9926,78.62,86,100,10.87
352,Fare,PF,2022-04-13 18:15:26,-16.7,-151.0167,80.94,74,8,14.05
353,Wanning,CN,2022-04-13 18:12:32,18.8003,110.3967,73.96,90,10,2.26
354,Samarai,PG,2022-04-13 18:15:27,-10.6167,150.6667,82.8,75,44,10.31
355,Wajir,KE,2022-04-13 18:15:27,1.7471,40.0573,86.59,52,80,10.29
356,Dolores,AR,2022-04-13 18:10:39,-36.3132,-57.6792,66.45,31,3,10.83
357,Singaraja,ID,2022-04-13 18:15:27,-8.112,115.0882,78.64,79,46,2.57
358,Excelsior Springs,US,2022-04-13 18:13:32,39.3392,-94.2261,40.71,69,100,12.66
359,Elliot,ZA,2022-04-13 18:15:28,-31.3333,27.85,55.72,78,70,3.38
360,Jalu,LY,2022-04-13 18:12:11,29.0331,21.5482,72.61,17,7,12.95
361,Rafraf,TN,2022-04-13 18:15:29,37.1904,10.1837,59.31,82,48,23.98
362,Vila Velha,BR,2022-04-13 18:15:29,-20.3297,-40.2925,89.55,76,0,14.97
363,Caravelas,BR,2022-04-13 18:16:29,-17.7125,-39.2481,84.63,63,52,6.64
364,Belyy Yar,RU,2022-04-13 18:16:30,53.6039,91.3903,27.86,59,2,0.0
365,Ballarpur,IN,2022-04-13 18:16:30,19.8333,79.35,94.46,29,100,7.61
366,Bengkulu,ID,2022-04-13 18:16:31,-3.8004,102.2655,76.51,87,29,3.8
367,Bayog,PH,2022-04-13 18:16:31,7.8667,123.0667,75.18,85,97,0.81
368,Port-Gentil,GA,2022-04-13 18:16:31,-0.7193,8.7815,81.16,83,100,10.83
369,Lantana,US,2022-04-13 18:16:32,26.5867,-80.052,85.05,64,75,16.11
370,Nome,US,2022-04-13 18:16:32,64.5011,-165.4064,35.67,60,0,12.66
371,Sambava,MG,2022-04-13 18:16:32,-14.2667,50.1667,76.57,86,13,10.74
372,Baykalovo,RU,2022-04-13 18:16:33,57.3981,63.7684,41.0,89,100,8.75
373,San Policarpo,PH,2022-04-13 18:16:33,12.1791,125.5072,74.35,85,100,6.2
374,Bekhtery,UA,2022-04-13 18:16:33,46.251,32.2927,43.88,86,100,21.03
375,Tera,NE,2022-04-13 18:16:34,14.0078,0.7531,100.83,14,75,2.17
376,Dulce Grande,MX,2022-04-13 18:13:16,23.0,-102.1667,73.44,6,14,8.1
377,Tuy Hoa,VN,2022-04-13 18:16:34,13.0833,109.3,76.26,94,94,0.89
378,Kieta,PG,2022-04-13 18:16:34,-6.2167,155.6333,78.21,80,55,3.87
379,Aquiraz,BR,2022-04-13 18:16:35,-3.9014,-38.3911,87.89,69,93,6.44
380,Rio Grande,BR,2022-04-13 18:16:35,-32.035,-52.0986,75.31,60,83,10.58
381,Pangnirtung,CA,2022-04-13 18:16:35,66.1451,-65.7125,-0.4,78,20,4.61
382,Lenine,UA,2022-04-13 18:16:36,45.2986,35.7771,40.86,94,100,21.59
383,Champasak,LA,2022-04-13 18:16:36,14.75,106.0,75.52,76,33,2.95
384,Pangkalanbuun,ID,2022-04-13 18:16:36,-2.6833,111.6167,73.71,97,100,1.88
385,Cassia,BR,2022-04-13 18:16:37,-20.5831,-46.9219,81.77,66,19,6.78
386,Fallon,US,2022-04-13 18:16:37,39.4735,-118.7774,46.45,20,75,6.91
387,Rapina,EE,2022-04-13 18:16:38,58.0981,27.4636,37.33,66,79,2.71
388,Asbe Teferi,ET,2022-04-13 18:16:38,9.0833,40.8667,69.13,56,95,4.38
389,Yabrud,SY,2022-04-13 18:16:38,33.9674,36.6574,51.49,48,21,3.0
390,Talas,TR,2022-04-13 18:16:39,38.6908,35.5538,30.87,69,40,0.0
391,Ati,TD,2022-04-13 18:16:39,13.2154,18.3353,93.4,18,29,5.93
392,Rio Gallegos,AR,2022-04-13 18:16:39,-51.6226,-69.2181,68.05,37,0,26.46
393,Wakefield,GB,2022-04-13 18:16:40,53.6809,-1.499,61.21,66,49,8.43
394,Dingle,PH,2022-04-13 18:16:40,10.9995,122.6711,75.25,87,100,2.95
395,Aykhal,RU,2022-04-13 18:16:40,66.0,111.5,20.97,96,100,14.63
396,Koumac,NC,2022-04-13 18:16:41,-20.5667,164.2833,72.36,80,0,4.47
397,Port Moresby,PG,2022-04-13 18:15:00,-9.4431,147.1797,72.82,94,20,3.44
398,Altay,CN,2022-04-13 18:16:41,47.8667,88.1167,40.78,41,53,10.49
399,Bosaso,SO,2022-04-13 18:16:41,11.2842,49.1816,82.72,63,0,1.7
400,Tateyama,JP,2022-04-13 18:16:42,34.9833,139.8667,63.1,96,50,4.81
401,Tevriz,RU,2022-04-13 18:12:57,57.509,72.4042,35.96,91,81,6.91
402,Kushima,JP,2022-04-13 18:16:42,31.4583,131.2333,66.83,96,62,5.32
403,Shadegan,IR,2022-04-13 18:16:43,30.6497,48.6647,82.35,10,27,13.65
404,Pitsunda,GE,2022-04-13 18:16:43,43.1592,40.3378,44.78,77,97,3.62
405,Dunedin,NZ,2022-04-13 18:11:45,-45.8742,170.5036,48.79,82,22,1.99
406,Yulara,AU,2022-04-13 18:16:44,-25.2406,130.9889,80.44,28,81,6.91
407,Teya,RU,2022-04-13 18:16:44,60.3778,92.6267,34.16,90,100,9.44
408,Poya,NC,2022-04-13 18:16:44,-21.35,165.15,70.48,84,0,3.58
409,Virginia Beach,US,2022-04-13 18:15:30,36.8529,-75.978,86.05,49,92,11.14
410,Bulgan,MN,2022-04-13 18:17:45,48.8125,103.5347,20.75,90,94,7.99
411,Conway,US,2022-04-13 18:14:36,35.0887,-92.4421,69.78,89,100,1.01
412,Mae Ramat,TH,2022-04-13 18:17:45,16.984,98.5166,75.15,80,42,2.08
413,Tiksi,RU,2022-04-13 18:16:17,71.6872,128.8694,-15.79,100,100,1.59
414,Ormara,PK,2022-04-13 18:17:46,25.2088,64.6357,80.02,75,0,10.69
415,Lorengau,PG,2022-04-13 18:17:46,-2.0226,147.2712,81.05,76,35,8.08
416,Hay River,CA,2022-04-13 18:17:46,60.8156,-115.7999,13.98,41,20,2.3
417,Clyde River,CA,2022-04-13 18:17:47,70.4692,-68.5914,-1.97,78,20,2.3
418,Launceston,AU,2022-04-13 18:17:47,-41.45,147.1667,53.15,96,8,0.0
419,Nishihara,JP,2022-04-13 18:17:48,26.1842,127.7558,72.68,83,40,6.91
420,Evensk,RU,2022-04-13 18:17:48,61.95,159.2333,20.28,90,100,10.89
421,Capitan Bado,PY,2022-04-13 18:17:48,-23.2667,-55.5333,78.6,73,88,8.05
422,Ilhabela,BR,2022-04-13 18:17:49,-23.7781,-45.3581,80.4,82,85,5.68
423,Shimoda,JP,2022-04-13 18:17:49,34.6667,138.95,64.11,93,70,4.38
424,Asind,IN,2022-04-13 18:17:49,25.7333,74.3333,85.01,21,0,10.94
425,San Quintin,MX,2022-04-13 18:17:50,30.4833,-115.95,63.32,45,27,10.54
426,Mangrol,IN,2022-04-13 18:17:50,21.1167,70.1167,80.71,80,0,11.81
427,Trelew,AR,2022-04-13 18:16:56,-43.249,-65.3051,67.24,30,6,12.71
428,La Baneza,ES,2022-04-13 18:17:50,42.3003,-5.8977,60.6,57,78,3.24
429,Paamiut,GL,2022-04-13 18:14:06,61.994,-49.6678,31.84,82,96,19.01
430,Payakumbuh,ID,2022-04-13 18:17:51,-0.2202,100.6308,70.79,98,100,2.75
431,Carlagan,PH,2022-04-13 18:17:51,14.975,122.0456,78.3,82,96,2.73
432,Marsh Harbour,BS,2022-04-13 18:17:51,26.5412,-77.0636,76.17,62,41,15.86
433,Sapulpa,US,2022-04-13 18:13:28,35.9987,-96.1142,61.36,33,0,16.11
434,Svetlogorsk,BY,2022-04-13 18:17:52,52.6333,29.7333,40.46,80,93,7.34
435,Sitio Novo Do Tocantins,BR,2022-04-13 18:17:52,-5.5183,-47.4611,89.53,62,75,11.5
436,Sangar,RU,2022-04-13 18:17:53,63.9242,127.4739,9.36,94,100,5.39
437,Warrnambool,AU,2022-04-13 18:17:53,-38.3833,142.4833,54.81,87,51,7.4
438,Kingsport,US,2022-04-13 18:16:17,36.5484,-82.5618,78.06,45,75,11.5
439,Beira,MZ,2022-04-13 18:16:31,-19.8436,34.8389,80.69,94,20,4.61
440,Mana,GF,2022-04-13 18:17:54,5.6592,-53.7767,81.18,74,38,12.19
441,Butler,US,2022-04-13 18:17:54,39.4501,-84.5666,70.41,84,100,11.5
442,Ayagoz,KZ,2022-04-13 18:17:54,47.9714,80.4392,45.7,53,0,10.87
443,Longyearbyen,SJ,2022-04-13 18:14:05,78.2186,15.6401,19.24,79,40,5.75
444,Matagami,CA,2022-04-13 18:17:55,49.7502,-77.6328,44.71,39,0,11.5
445,Madang,PG,2022-04-13 18:17:55,-5.2246,145.7966,76.66,91,88,2.91
446,Oyotun,PE,2022-04-13 18:17:56,-6.8519,-79.3036,80.28,68,82,6.62
447,Macapa,BR,2022-04-13 18:17:18,0.0389,-51.0664,82.38,78,75,11.5
448,Sibolga,ID,2022-04-13 18:17:56,1.7427,98.7792,77.27,89,90,2.59
449,Ust-Kut,RU,2022-04-13 18:17:56,56.7938,105.7672,25.18,94,72,3.51
450,Kihei,US,2022-04-13 18:17:57,20.785,-156.4656,77.85,71,20,3.44
451,Bikaner,IN,2022-04-13 18:17:57,28.0167,73.3,86.31,19,0,5.17
452,Sungai Pelek,MY,2022-04-13 18:17:58,2.6449,101.717,78.93,94,20,0.0
453,Ust-Tsilma,RU,2022-04-13 18:17:58,65.441,52.1498,33.96,99,100,5.93
454,Kargasok,RU,2022-04-13 18:17:58,59.0556,80.8572,33.67,100,100,5.44
455,Yellapur,IN,2022-04-13 18:17:59,14.9667,74.7167,74.71,87,92,4.59
456,Nahrin,AF,2022-04-13 18:17:59,36.0649,69.1334,62.94,57,100,6.89
457,Mezen,RU,2022-04-13 18:18:59,65.8522,44.24,28.96,96,100,10.85
458,Codajas,BR,2022-04-13 18:19:00,-3.8367,-62.0569,85.91,75,99,2.82
459,Pimenta Bueno,BR,2022-04-13 18:15:42,-11.6725,-61.1936,86.81,68,30,4.85
460,Tchaourou,BJ,2022-04-13 18:19:00,8.8865,2.5975,83.73,56,76,9.01
461,Severodvinsk,RU,2022-04-13 18:19:01,64.5635,39.8302,33.91,94,100,9.51
462,Sidmouth,GB,2022-04-13 18:19:01,50.6909,-3.2397,58.01,86,40,2.3
463,Marystown,CA,2022-04-13 18:19:01,47.1666,-55.1483,42.85,100,100,1.99
464,Alta Floresta,BR,2022-04-13 18:19:02,-9.8756,-56.0861,93.02,55,75,4.61
465,Dwarka,IN,2022-04-13 18:19:02,22.2394,68.9678,80.13,82,0,10.96
466,Liverpool,GB,2022-04-13 18:19:02,53.4106,-2.9779,60.3,74,0,6.91
467,Zaysan,KZ,2022-04-13 18:19:03,47.4667,84.8667,48.13,36,0,2.93
468,Placido De Castro,BR,2022-04-13 18:19:03,-10.3353,-67.1856,88.05,65,73,4.88
469,Preobrazheniye,RU,2022-04-13 18:19:03,42.9019,133.9064,37.9,73,100,3.11
470,Buzmeyin,TM,2022-04-13 18:19:04,38.0507,58.2056,74.93,43,40,11.5
471,Newcastle,AU,2022-04-13 18:14:27,-32.9272,151.7765,60.66,99,40,6.91
472,Nangong,CN,2022-04-13 18:19:04,37.3581,115.3744,51.75,44,44,6.8
473,Haimen,CN,2022-04-13 18:19:05,23.1935,116.6142,71.49,84,1,5.37
474,Tilichiki,RU,2022-04-13 18:19:05,60.4667,166.1,16.27,94,100,8.12
475,Lazaro Cardenas,MX,2022-04-13 18:19:06,17.9583,-102.2,83.86,62,100,8.21
476,Port Augusta,AU,2022-04-13 18:19:06,-32.5,137.7667,67.06,38,57,5.66
477,Baker City,US,2022-04-13 18:15:56,44.7749,-117.8344,33.6,83,100,13.8
478,Guilin,CN,2022-04-13 18:19:07,25.2819,110.2864,60.91,80,0,7.31
479,Santo Antonio Do Ica,BR,2022-04-13 18:19:07,-3.1022,-67.9397,79.63,86,100,4.07
480,Puerto Carreno,CO,2022-04-13 18:19:07,6.189,-67.4859,94.98,41,40,8.05
481,Ishinomaki,JP,2022-04-13 18:19:08,38.4167,141.3,45.88,83,81,14.2
482,Kizilskoye,RU,2022-04-13 18:19:08,52.7255,58.8937,47.44,91,69,2.08
483,Sint Anthonis,NL,2022-04-13 18:19:08,51.6267,5.8819,60.12,85,100,3.44
484,Richards Bay,ZA,2022-04-13 18:19:09,-28.783,32.0377,74.01,75,98,10.87
485,Kenai,US,2022-04-13 18:19:09,60.5544,-151.2583,39.29,80,0,10.36
486,Rajauri,IN,2022-04-13 18:19:10,33.3833,74.3,69.64,27,44,7.36
487,Narbonne,FR,2022-04-13 18:19:10,43.0833,2.8333,61.02,48,83,1.43
488,Egvekinot,RU,2022-04-13 18:19:11,66.3167,-179.1667,4.86,90,99,12.68
489,Bela Palanka,RS,2022-04-13 18:19:11,43.2183,22.3111,55.99,52,0,2.35
490,Marrakesh,MA,2022-04-13 18:17:09,31.6315,-8.0083,73.47,35,20,9.22
491,Burnie,AU,2022-04-13 18:19:12,-41.0667,145.9167,50.92,80,22,4.18
492,Villa Alemana,CL,2022-04-13 18:19:12,-33.0422,-71.3733,64.13,45,0,12.66
493,Sabang,ID,2022-04-13 18:19:12,5.8933,95.3214,84.11,71,77,5.68
494,Solnechnyy,RU,2022-04-13 18:18:57,50.7214,136.6319,18.12,96,74,3.98
495,Jinchang,CN,2022-04-13 18:19:13,38.4953,102.1739,43.65,18,98,2.17
496,Marathon,US,2022-04-13 18:19:13,44.9,-89.7668,51.55,94,100,8.05
497,Ayan,RU,2022-04-13 18:19:14,56.45,138.1667,22.01,72,60,11.36
498,Salalah,OM,2022-04-13 18:19:14,17.0151,54.0924,80.69,89,0,4.61
499,Puerto Leguizamo,CO,2022-04-13 18:19:14,-0.1934,-74.7819,81.03,86,99,1.1
500,West Bay,KY,2022-04-13 18:19:15,19.3667,-81.4167,86.07,77,20,12.66
501,Jiaojiang,CN,2022-04-13 18:19:15,28.6803,121.4428,64.0,87,100,9.86
502,Hobyo,SO,2022-04-13 18:19:16,5.3505,48.5268,82.74,74,40,14.32
503,Sompeta,IN,2022-04-13 18:20:16,18.9333,84.6,83.08,74,82,16.04
504,Juan Lacaze,UY,2022-04-13 18:20:16,-34.4342,-57.4381,64.11,45,0,9.24
505,Mayo,US,2022-04-13 18:20:17,38.8876,-76.5119,88.12,56,0,9.22
506,Shakawe,BW,2022-04-13 18:20:17,-18.3667,21.85,74.7,37,98,2.44
507,Alghero,IT,2022-04-13 18:20:18,40.5589,8.3181,68.09,40,0,10.36
508,Paragominas,BR,2022-04-13 18:19:34,-2.9667,-47.4833,85.68,68,67,4.03
509,Nhulunbuy,AU,2022-04-13 18:20:18,-12.2333,136.7667,81.21,94,40,4.61
510,Nemuro,JP,2022-04-13 18:20:19,43.3236,145.575,31.84,80,100,15.46
511,Nuuk,GL,2022-04-13 18:20:19,64.1835,-51.7216,29.01,93,40,15.01
512,Erzin,TR,2022-04-13 18:20:19,36.9559,36.2,50.2,39,0,5.44
513,Monzon,ES,2022-04-13 18:20:20,41.9108,0.1941,58.42,90,100,1.61
514,Nouakchott,MR,2022-04-13 18:20:20,18.0858,-15.9785,76.93,63,0,19.95
515,College,US,2022-04-13 18:20:20,64.8569,-147.8028,36.9,51,75,0.0
516,Saint-Augustin,CA,2022-04-13 18:20:21,51.226,-58.6502,36.37,99,100,4.36
517,Clearwater,US,2022-04-13 18:16:31,27.9659,-82.8001,85.21,55,40,9.22
518,Monze,ZM,2022-04-13 18:20:21,-16.2833,27.4833,67.71,78,81,4.88
519,San Lawrenz,MT,2022-04-13 18:20:22,36.0553,14.204,57.85,80,100,7.0
520,Alofi,NU,2022-04-13 18:20:22,-19.0595,-169.9187,73.29,100,19,1.14
521,Cabedelo,BR,2022-04-13 18:18:16,-6.9811,-34.8339,88.47,63,92,8.37
522,Maldonado,UY,2022-04-13 18:20:23,-34.6667,-54.9167,63.79,49,2,14.43
523,Alizai,PK,2022-04-13 18:20:23,33.5383,70.3462,69.48,38,72,3.65
524,Sitka,US,2022-04-13 18:20:24,57.0531,-135.33,40.89,26,0,11.5
525,Coahuayana,MX,2022-04-13 18:20:24,18.7333,-103.6833,88.3,49,100,7.29
526,Ende,ID,2022-04-13 18:20:24,-8.8432,121.6623,78.35,87,92,1.34
527,Isangel,VU,2022-04-13 18:19:04,-19.55,169.2667,77.11,83,10,5.75
528,Karachi,PK,2022-04-13 18:18:34,24.9056,67.0822,80.42,78,0,6.91
529,Kabare,CD,2022-04-13 18:18:01,-2.4683,28.8242,62.08,94,94,0.81
530,Kaseda,JP,2022-04-13 18:20:25,31.4167,130.3167,66.58,93,96,8.25
531,Wahiawa,US,2022-04-13 18:16:49,21.5028,-158.0236,74.37,70,0,0.0
532,Kununurra,AU,2022-04-13 18:20:23,-15.7667,128.7333,76.98,94,75,10.36
533,Lima,PE,2022-04-13 18:19:46,-12.0432,-77.0282,73.38,80,75,10.36
534,Moose Factory,CA,2022-04-13 18:20:26,51.2585,-80.6094,32.0,74,100,10.36
535,Atambua,ID,2022-04-13 18:20:26,-9.1061,124.8925,72.93,88,96,3.83
536,Tankhoy,RU,2022-04-13 18:20:26,51.5528,105.1306,26.02,91,97,4.59
537,Wanaka,NZ,2022-04-13 18:20:27,-44.7,169.15,39.11,92,2,2.06
538,Ambovombe,MG,2022-04-13 18:20:27,-25.1667,46.0833,74.14,84,45,8.48
539,Asyut,EG,2022-04-13 18:20:27,27.181,31.1837,71.46,23,54,11.79
540,Delta,NG,2022-04-13 18:20:28,5.5,6.0,76.41,89,100,4.0
541,Nayudupeta,IN,2022-04-13 18:20:28,13.9,79.9,81.45,81,94,7.18
542,Hirara,JP,2022-04-13 18:20:29,24.8,125.2833,74.14,86,51,9.53
543,Taoudenni,ML,2022-04-13 18:20:29,22.6783,-3.9836,95.59,6,0,14.74
544,Batemans Bay,AU,2022-04-13 18:20:29,-35.7167,150.1833,59.09,91,6,4.56
545,Kapit,MY,2022-04-13 18:20:30,2.0167,112.9333,72.43,100,92,0.96
546,Bonavista,CA,2022-04-13 18:20:30,48.6499,-53.1147,31.71,97,100,24.23
547,Okato,NZ,2022-04-13 18:20:30,-39.2,173.8833,55.9,68,37,11.07
548,Hun,LY,2022-04-13 18:20:31,29.1268,15.9477,81.99,12,92,21.25
549,Wajima,JP,2022-04-13 18:20:31,37.4,136.9,50.43,86,100,20.58
550,Kalaleh,IR,2022-04-13 18:20:31,37.3807,55.4916,58.6,88,100,0.0
551,Yatou,CN,2022-04-13 18:21:32,37.15,122.3833,45.28,87,100,7.61
552,Tongzhou,CN,2022-04-13 18:21:32,39.9053,116.5994,41.11,60,0,2.24
553,Helena,US,2022-04-13 18:21:33,46.5927,-112.0361,22.19,50,40,11.5
554,Mackay,AU,2022-04-13 18:20:03,-21.15,149.2,75.97,72,79,12.48
555,Florianopolis,BR,2022-04-13 18:19:12,-27.6146,-48.5012,75.7,73,0,13.8
